站点,站点,站点,站点,站点,站点,站点,站点,站点,站点,站点,站点,站点,站点,经度,纬度,站点名称,站点,经度,纬度,站点名称,站点,经度,纬度,站点名称,站点,经度,纬度,站点名称,站点,经度,纬度,站点名称,站点,经度,纬度,站点名称,站点,经度,纬度,站点名称,站点,经度,纬度,站点名称,站点,经度,纬度,站点名称,站点,经度,纬度,站点名称,站点,经度,纬度,站点名称,站点,经度,纬度,站点名称,,,,,,,,,,,,,,
207,57,85,203,107,157,216,81,31,23,49,232,线路1,1413,105761265,105761265,双桥客运站,1236,105769659,105769659,茅店2队,1267,105743574,105743574,金竹桥,1407,105780035,105780035,横店村,1291,105752751,105752751,洛矶山,1356,105771118,105771118,龙水二小,1422,105767501,105767501,老菜市,1263,105767700,105767700,双桥公园,1203,105711128,105711128,大足中学,1192,105771195,105771195,龙水镇政府,1227,105772003,105772003,车城广场,1439,105780016,105780016,重庆工程学院,,,,,,,,,,,,,,
141,201,115,203,167,122,47,224,36,12,126,62,线路2,1329,105759128,105759128,五金博物馆,1405,105793550,105793550,宝顶山博物馆,1302,105774331,105774331,晓城春天,1407,105780035,105780035,横店村,1370,105786964,105786964,太平三队,1309,105727981,105727981,宏运商业城,1225,105748350,105748350,邮亭派出所,1430,105796527,105796527,沙桥二队,1209,105769723,105769723,双路中学,1181,105754573,105754573,花市街派出所,1313,105715211,105715211,东门派出所,1241,105740839,105740839,邮亭邮政所,,,,,,,,1,17,,17,105794631,29752346,宝顶
124,232,72,33,137,182,27,80,141,177,96,133,线路3,1311,105754567,105754567,慈航五队,1439,105780016,105780016,重庆工程学院,1251,105717779,105717779,大足印象,1205,105752095,105752095,五金市场,1324,105781089,105781089,复隆交界处,1385,105707900,105707900,北禅小区,1196,105727033,105727033,区行政服务中心,1262,105748225,105748225,艾诺斯,1329,105759128,105759128,五金博物馆,1380,105722908,105722908,青少年宫,1278,105793833,105793833,二片区,1320,105748344,105748344,倒庙三队,,,,,,,,2,264,,264,105781078,29489764,工农大桥东站
221,173,33,207,201,219,88,179,148,171,15,126,线路4,1427,105763573,105763573,德恒物业城东口,1376,105736551,105736551,清明桥,1205,105752095,105752095,五金市场,1413,105761265,105761265,双桥客运站,1405,105793550,105793550,宝顶山博物馆,1425,105807809,105807809,龙水温泉中心,1270,105746980,105746980,龙西中学,1382,105698914,105698914,西门桥食品公司,1338,105790376,105790376,双湖招抚站,1374,105709512,105709512,大足中学,1184,105749186,105749186,龙西岔路口,1313,105715211,105715211,东门派出所,,,,,,,,3,617,,617,105762022,29565435,老粮站
164,107,65,149,123,35,122,145,221,188,104,200,线路5,1366,105786861,105786861,长河五队,1291,105752751,105752751,洛矶山,1244,105765607,105765607,三角钢材市场,1339,105770825,105770825,黄家坝,1310,105753888,105753888,通远桥,1208,105764173,105764173,时代广场,1309,105727981,105727981,宏运商业城,1334,105797267,105797267,水塔,1427,105763573,105763573,德恒物业城东口,1392,105705473,105705473,区老人民医院,1287,105799732,105799732,白鹤村,1404,105735393,105735393,邮亭中学,,,,,,,,4,800,,800,105734608,29707688,区地税局
234,211,231,94,56,31,210,181,68,203,186,3,线路6,1441,105761139,105761139,龙水汽车站,1417,105764588,105764588,上官楼,1438,105771349,105771349,山水名都小区南,1276,105777781,105777781,双桥中学,1235,105768835,105768835,高坡1队,1203,105711128,105711128,大足中学,1416,105760761,105760761,双桥客运站,1384,105704898,105704898,书香世家,1247,105766139,105766139,高坡2队,1407,105780035,105780035,横店村,1390,105701412,105701412,区交巡警支队,617,105762022,105762022,老粮站,,,,,,,,5,806,,806,105729141,29698043,区广电大厦
37,56,147,132,143,223,226,197,36,72,20,17,线路7,1210,105784899,105784899,龙景理想城,1235,105768835,105768835,高坡1队,1337,105791804,105791804,白鹤家园,1319,105747733,105747733,倒庙一队,1332,105764963,105764963,上官楼,1429,105760093,105760093,德恒物业城,1432,105785189,105785189,沙桥一队,1401,105741699,105741699,转洞桥,1209,105769723,105769723,双路中学,1251,105717779,105717779,大足印象,1189,105728895,105728895,金星村,1186,105711054,105711054,大足汽车站,,,,,,,,6,913,,913,105788196,29521173,西湖变电站
194,233,153,165,4,207,227,116,3,184,58,203,线路8,1398,105733253,105733253,蓝湖星宇,1440,105762701,105762701,龙水汽车站,1347,105697855,105697855,西棠锦城,1368,105786490,105786490,长河煤矿,800,105734608,105734608,区地税局,1413,105761265,105761265,双桥客运站,1434,105793872,105793872,花样湖龙水景区,1303,105777052,105777052,双桥经开区管委会,617,105762022,105762022,老粮站,1387,105727866,105727866,城南加气站,1237,105763029,105763029,九节河,1407,105780035,105780035,横店村,,,,,,,,7,1176,,1176,105759435,29493329,双桥客运站
92,144,135,66,83,233,48,185,140,36,42,146,线路9,1274,105765469,105765469,铸造中心,1333,105797717,105797717,水塔,1322,105752509,105752509,倒庙六队,1245,105787908,105787908,重庆电信职业学院,1265,105775825,105775825,山水名都,1440,105762701,105762701,龙水汽车站,1226,105769968,105769968,黄桷花园,1388,105708911,105708911,大足汽车站,1328,105786809,105786809,重庆正大软件学院,1209,105769723,105769723,双路中学,1220,105762964,105762964,街心花园,1336,105741442,105741442,长龙农业,,,,,,,,8,1177,,1177,105763747,29489706,东升苑
107,202,155,123,142,198,160,190,67,8,19,103,线路10,1291,105752751,105752751,洛矶山,1406,105791561,105791561,宝顶景区停车场,1354,105736964,105736964,烈火四队,1310,105753888,105753888,通远桥,1331,105765575,105765575,电信大楼,1402,105760413,105760413,瑞鑫商城,1359,105762037,105762037,老粮站,1394,105720436,105720436,较场口,1246,105768508,105768508,通桥镇政府,1177,105763747,105763747,东升苑,1188,105727902,105727902,凤凰城,1285,105769873,105769873,新民村,,,,,,,,9,1178,,1178,105760043,29489727,新城港湾
143,151,137,220,180,165,104,42,226,79,90,186,线路11,1332,105764963,105764963,上官楼,1345,105709983,105709983,区中医院,1324,105781089,105781089,复隆交界处,1426,105769109,105769109,黄家坝,1383,105701580,105701580,区交巡警支队,1368,105786490,105786490,长河煤矿,1287,105799732,105799732,白鹤村,1220,105762964,105762964,街心花园,1432,105785189,105785189,沙桥一队,1259,105768851,105768851,西湖丽都,1272,105773872,105773872,高坝桥,1390,105701412,105701412,区交巡警支队,,,,,,,,10,1179,,1179,105751609,29576629,废铁市场
61,220,115,76,114,50,87,168,97,51,228,139,线路12,1240,105750299,105750299,巨腾国际,1426,105769109,105769109,黄家坝,1302,105774331,105774331,晓城春天,1256,105717835,105717835,大足区交委,1300,105766463,105766463,时代广场南,1229,105763588,105763588,中央龙庭,1269,105745772,105745772,大晒坝,1371,105777758,105777758,火炬十队,1279,105742101,105742101,双湖招抚站,1230,105757610,105757610,还房新村,1435,105786116,105786116,天星大桥,1326,105794739,105794739,龙滩子社区医院,,,,,,,,11,1180,,1180,105755569,29569326,五金市场
52,189,34,101,205,73,111,137,75,107,3,95,线路13,1231,105727776,105727776,城南新村,1393,105708243,105708243,十字口,1206,105755993,105755993,船锚厂,1283,105784838,105784838,红岩宾馆,1411,105797394,105797394,二片区,1252,105759603,105759603,荷花山庄,1297,105790487,105790487,实验小学,1324,105781089,105781089,复隆交界处,1255,105683210,105683210,明星,1291,105752751,105752751,洛矶山,617,105762022,105762022,老粮站,1277,105780285,105780285,千叶广场,,,,,,,,12,1181,,1181,105754573,29570427,花市街派出所
205,42,38,33,209,102,98,49,31,4,183,148,线路14,1411,105797394,105797394,二片区,1220,105762964,105762964,街心花园,1213,105791035,105791035,双桥龙滩子,1205,105752095,105752095,五金市场,1415,105765476,105765476,时代广场南,1284,105793019,105793019,天星大桥,1280,105767083,105767083,鲜花港,1227,105772003,105772003,车城广场,1203,105711128,105711128,大足中学,800,105734608,105734608,区地税局,1386,105729978,105729978,城南创新小学,1338,105790376,105790376,双湖招抚站,,,,,,,,13,1182,,1182,105762099,29557860,龙水汽车站
224,141,19,111,214,37,5,99,143,174,148,173,线路15,1430,105796527,105796527,沙桥二队,1329,105759128,105759128,五金博物馆,1188,105727902,105727902,凤凰城,1297,105790487,105790487,实验小学,1420,105758465,105758465,红岩汽修厂,1210,105784899,105784899,龙景理想城,806,105729141,105729141,区广电大厦,1281,105769453,105769453,兴业广场,1332,105764963,105764963,上官楼,1377,105739334,105739334,昌州古城,1338,105790376,105790376,双湖招抚站,1376,105736551,105736551,清明桥,,,,,,,,14,1183,,1183,105743337,29601349,十里店
169,125,59,66,145,100,207,9,152,230,211,63,线路16,1372,105773716,105773716,火炬十一队,1312,105777594,105777594,香山社区六队,1238,105772425,105772425,车城明珠小区,1245,105787908,105787908,重庆电信职业学院,1334,105797267,105797267,水塔,1282,105774127,105774127,车城印象,1413,105761265,105761265,双桥客运站,1178,105760043,105760043,新城港湾,1346,105696583,105696583,69队修理厂,1437,105768398,105768398,山水名都小区西,1417,105764588,105764588,上官楼,1242,105742533,105742533,邮亭供电所,,,,,,,,15,1184,,1184,105749186,29578684,龙西岔路口
97,192,218,213,28,145,107,67,220,99,52,5,线路17,1279,105742101,105742101,双湖招抚站,1396,105726580,105726580,火烧坝,1424,105788027,105788027,左家坡,1419,105761806,105761806,城市枫景,1197,105760181,105760181,大足区第二人民医,1334,105797267,105797267,水塔,1291,105752751,105752751,洛矶山,1246,105768508,105768508,通桥镇政府,1426,105769109,105769109,黄家坝,1281,105769453,105769453,兴业广场,1231,105727776,105727776,城南新村,806,105729141,105729141,区广电大厦,,,,,,,,16,1185,,1185,105748216,29586368,龙水工业园区
212,77,113,31,233,200,89,56,166,81,133,111,线路18,1418,105769448,105769448,双路中学,1257,105727070,105727070,大足职教中心,1299,105754931,105754931,慈航六队,1203,105711128,105711128,大足中学,1440,105762701,105762701,龙水汽车站,1404,105735393,105735393,邮亭中学,1271,105772569,105772569,横店村,1235,105768835,105768835,高坡1队,1369,105787644,105787644,长河六队,1263,105767700,105767700,双桥公园,1320,105748344,105748344,倒庙三队,1297,105790487,105790487,实验小学,,,,,,,,17,1186,,1186,105711054,29697663,大足汽车站
1,192,224,223,117,158,35,86,61,212,168,98,线路19,17,105794631,105794631,宝顶,1396,105726580,105726580,火烧坝,1430,105796527,105796527,沙桥二队,1429,105760093,105760093,德恒物业城,1304,105787628,105787628,四片区南站,1357,105810485,105810485,大龙湾酒店,1208,105764173,105764173,时代广场,1268,105718850,105718850,南山公园,1240,105750299,105750299,巨腾国际,1418,105769448,105769448,双路中学,1371,105777758,105777758,火炬十队,1280,105767083,105767083,鲜花港,,,,,,,,18,1187,,1187,105719873,29705105,大足区电信局
60,141,179,209,129,116,217,34,201,230,235,144,线路20,1239,105753923,105753923,天福六队,1329,105759128,105759128,五金博物馆,1382,105698914,105698914,西门桥食品公司,1415,105765476,105765476,时代广场南,1316,105766667,105766667,双路公园,1303,105777052,105777052,双桥经开区管委会,1423,105764627,105764627,龙水西湖岔路口,1206,105755993,105755993,船锚厂,1405,105793550,105793550,宝顶山博物馆,1437,105768398,105768398,山水名都小区西,1442,105769542,105769542,双桥中学,1333,105797717,105797717,水塔,,,,,,,,19,1188,,1188,105727902,29692975,凤凰城
183,83,181,235,94,21,135,102,217,37,199,63,线路21,1386,105729978,105729978,城南创新小学,1265,105775825,105775825,山水名都,1384,105704898,105704898,书香世家,1442,105769542,105769542,双桥中学,1276,105777781,105777781,双桥中学,1190,105739961,105739961,水车铺,1322,105752509,105752509,倒庙六队,1284,105793019,105793019,天星大桥,1423,105764627,105764627,龙水西湖岔路口,1210,105784899,105784899,龙景理想城,1403,105718836,105718836,电信局,1242,105742533,105742533,邮亭供电所,,,,,,,,20,1189,,1189,105728895,29652337,金星村
115,204,229,84,184,82,131,150,5,48,179,156,线路22,1302,105774331,105774331,晓城春天,1408,105762821,105762821,街心花园,1436,105785644,105785644,龙滩子办事处,1266,105785021,105785021,双佛寺,1387,105727866,105727866,城南加气站,1264,105767193,105767193,双桥公园,1318,105758640,105758640,红岩汽修厂,1340,105794511,105794511,花样龙水湖景区,806,105729141,105729141,区广电大厦,1226,105769968,105769968,黄桷花园,1382,105698914,105698914,西门桥食品公司,1355,105740984,105740984,高铁大足南站,,,,,,,,21,1190,,1190,105739961,29619776,水车铺
18,143,26,222,89,146,40,122,228,54,8,138,线路23,1187,105719873,105719873,大足区电信局,1332,105764963,105764963,上官楼,1195,105759022,105759022,龙水大桥,1428,105755008,105755008,还房新村路口,1271,105772569,105772569,横店村,1336,105741442,105741442,长龙农业,1216,105726612,105726612,大足区妇幼保健院,1309,105727981,105727981,宏运商业城,1435,105786116,105786116,天星大桥,1233,105713830,105713830,丁家坡,1177,105763747,105763747,东升苑,1325,105770529,105770529,观岳山小区,,,,,,,,22,1191,,1191,105738106,29625786,车铺村
75,190,15,43,154,54,191,122,151,109,21,108,线路24,1255,105683210,105683210,明星,1394,105720436,105720436,较场口,1184,105749186,105749186,龙西岔路口,1221,105750631,105750631,天福村,1348,105744113,105744113,绿地海棠湾,1233,105713830,105713830,丁家坡,1395,105723912,105723912,龙岗卫生院,1309,105727981,105727981,宏运商业城,1345,105709983,105709983,区中医院,1295,105766138,105766138,经开区人民医院,1190,105739961,105739961,水车铺,1294,105760880,105760880,城市枫景,,,,,,,,23,1192,,1192,105771195,29565087,龙水镇政府
160,105,140,79,56,224,100,234,61,173,135,22,线路25,1359,105762037,105762037,老粮站,1288,105737407,105737407,双塔中学,1328,105786809,105786809,重庆正大软件学院,1259,105768851,105768851,西湖丽都,1235,105768835,105768835,高坡1队,1430,105796527,105796527,沙桥二队,1282,105774127,105774127,车城印象,1441,105761139,105761139,龙水汽车站,1240,105750299,105750299,巨腾国际,1376,105736551,105736551,清明桥,1322,105752509,105752509,倒庙六队,1191,105738106,105738106,车铺村,,,,,,,,24,1193,,1193,105726873,29680609,南门派出所
160,29,80,105,221,49,23,72,175,100,165,27,线路26,1359,105762037,105762037,老粮站,1198,105727301,105727301,龙腾御景,1262,105748225,105748225,艾诺斯,1288,105737407,105737407,双塔中学,1427,105763573,105763573,德恒物业城东口,1227,105772003,105772003,车城广场,1192,105771195,105771195,龙水镇政府,1251,105717779,105717779,大足印象,1378,105736987,105736987,区人民医院,1282,105774127,105774127,车城印象,1368,105786490,105786490,长河煤矿,1196,105727033,105727033,区行政服务中心,,,,,,,,25,1194,,1194,105736681,29631601,一号子口
201,198,49,144,125,18,75,76,155,21,8,6,线路27,1405,105793550,105793550,宝顶山博物馆,1402,105760413,105760413,瑞鑫商城,1227,105772003,105772003,车城广场,1333,105797717,105797717,水塔,1312,105777594,105777594,香山社区六队,1187,105719873,105719873,大足区电信局,1255,105683210,105683210,明星,1256,105717835,105717835,大足区交委,1354,105736964,105736964,烈火四队,1190,105739961,105739961,水车铺,1177,105763747,105763747,东升苑,913,105788196,105788196,西湖变电站,,,,,,,,26,1195,,1195,105759022,29566140,龙水大桥
76,155,25,29,118,189,183,95,231,3,87,158,线路28,1256,105717835,105717835,大足区交委,1354,105736964,105736964,烈火四队,1194,105736681,105736681,一号子口,1198,105727301,105727301,龙腾御景,1305,105770407,105770407,开山工业园,1393,105708243,105708243,十字口,1386,105729978,105729978,城南创新小学,1277,105780285,105780285,千叶广场,1438,105771349,105771349,山水名都小区南,617,105762022,105762022,老粮站,1269,105745772,105745772,大晒坝,1357,105810485,105810485,大龙湾酒店,,,,,,,,27,1196,,1196,105727033,29689327,区行政服务中心
121,38,205,172,154,85,197,75,44,8,30,194,线路29,1308,105711913,105711913,实验幼儿园,1213,105791035,105791035,双桥龙滩子,1411,105797394,105797394,二片区,1375,105732371,105732371,香山美地,1348,105744113,105744113,绿地海棠湾,1267,105743574,105743574,金竹桥,1401,105741699,105741699,转洞桥,1255,105683210,105683210,明星,1222,105751947,105751947,红林村,1177,105763747,105763747,东升苑,1199,105727953,105727953,西南城,1398,105733253,105733253,蓝湖星宇,,,,,,,,28,1197,,1197,105760181,29563782,大足区第二人民医
58,33,183,219,51,147,97,187,180,93,224,100,线路30,1237,105763029,105763029,九节河,1205,105752095,105752095,五金市场,1386,105729978,105729978,城南创新小学,1425,105807809,105807809,龙水温泉中心,1230,105757610,105757610,还房新村,1337,105791804,105791804,白鹤家园,1279,105742101,105742101,双湖招抚站,1391,105703372,105703372,西门桥,1383,105701580,105701580,区交巡警支队,1275,105767388,105767388,公园路,1430,105796527,105796527,沙桥二队,1282,105774127,105774127,车城印象,,,,,,,,29,1198,,1198,105727301,29676340,龙腾御景
74,15,129,69,44,115,105,90,214,47,223,96,线路31,1253,105766801,105766801,渡槽,1184,105749186,105749186,龙西岔路口,1316,105766667,105766667,双路公园,1248,105773738,105773738,大足一中,1222,105751947,105751947,红林村,1302,105774331,105774331,晓城春天,1288,105737407,105737407,双塔中学,1272,105773872,105773872,高坝桥,1420,105758465,105758465,红岩汽修厂,1225,105748350,105748350,邮亭派出所,1429,105760093,105760093,德恒物业城,1278,105793833,105793833,二片区,,,,,,,,30,1199,,1199,105727953,29669619,西南城
159,41,13,191,11,56,99,91,229,45,233,206,线路32,1358,105815421,105815421,玉龙镇政府,1219,105750964,105750964,朝野集团,1182,105762099,105762099,龙水汽车站,1395,105723912,105723912,龙岗卫生院,1180,105755569,105755569,五金市场,1235,105768835,105768835,高坡1队,1281,105769453,105769453,兴业广场,1273,105768322,105768322,老菜市,1436,105785644,105785644,龙滩子办事处,1223,105746800,105746800,邮亭汽车站,1440,105762701,105762701,龙水汽车站,1412,105760495,105760495,新城港湾,,,,,,,,31,1203,,1203,105711128,29702427,大足中学
64,70,104,187,223,20,142,106,47,41,121,115,线路33,1243,105747383,105747383,足丰水泥厂,1249,105734644,105734644,金星村二组,1287,105799732,105799732,白鹤村,1391,105703372,105703372,西门桥,1429,105760093,105760093,德恒物业城,1189,105728895,105728895,金星村,1331,105765575,105765575,电信大楼,1289,105764060,105764060,龙东新村,1225,105748350,105748350,邮亭派出所,1219,105750964,105750964,朝野集团,1308,105711913,105711913,实验幼儿园,1302,105774331,105774331,晓城春天,,,,,,,,32,1204,,1204,105749178,29575585,西部模具城
162,34,134,116,146,155,11,206,43,152,151,6,线路34,1362,105769924,105769924,广满酒店,1206,105755993,105755993,船锚厂,1321,105749705,105749705,倒庙村委会,1303,105777052,105777052,双桥经开区管委会,1336,105741442,105741442,长龙农业,1354,105736964,105736964,烈火四队,1180,105755569,105755569,五金市场,1412,105760495,105760495,新城港湾,1221,105750631,105750631,天福村,1346,105696583,105696583,69队修理厂,1345,105709983,105709983,区中医院,913,105788196,105788196,西湖变电站,,,,,,,,33,1205,,1205,105752095,29565801,五金市场
152,25,16,181,196,38,223,10,80,202,158,32,线路35,1346,105696583,105696583,69队修理厂,1194,105736681,105736681,一号子口,1185,105748216,105748216,龙水工业园区,1384,105704898,105704898,书香世家,1400,105710738,105710738,大足汽车站,1213,105791035,105791035,双桥龙滩子,1429,105760093,105760093,德恒物业城,1179,105751609,105751609,废铁市场,1262,105748225,105748225,艾诺斯,1406,105791561,105791561,宝顶景区停车场,1357,105810485,105810485,大龙湾酒店,1204,105749178,105749178,西部模具城,,,,,,,,34,1206,,1206,105755993,29561844,船锚厂
204,70,19,93,155,169,129,23,42,186,47,171,线路36,1408,105762821,105762821,街心花园,1249,105734644,105734644,金星村二组,1188,105727902,105727902,凤凰城,1275,105767388,105767388,公园路,1354,105736964,105736964,烈火四队,1372,105773716,105773716,火炬十一队,1316,105766667,105766667,双路公园,1192,105771195,105771195,龙水镇政府,1220,105762964,105762964,街心花园,1390,105701412,105701412,区交巡警支队,1225,105748350,105748350,邮亭派出所,1374,105709512,105709512,大足中学,,,,,,,,35,1208,,1208,105764173,29486371,时代广场
167,232,213,169,194,214,212,10,228,107,96,206,线路37,1370,105786964,105786964,太平三队,1439,105780016,105780016,重庆工程学院,1419,105761806,105761806,城市枫景,1372,105773716,105773716,火炬十一队,1398,105733253,105733253,蓝湖星宇,1420,105758465,105758465,红岩汽修厂,1418,105769448,105769448,双路中学,1179,105751609,105751609,废铁市场,1435,105786116,105786116,天星大桥,1291,105752751,105752751,洛矶山,1278,105793833,105793833,二片区,1412,105760495,105760495,新城港湾,,,,,,,,36,1209,,1209,105769723,29487046,双路中学
90,223,27,85,148,103,67,21,225,234,54,202,线路38,1272,105773872,105773872,高坝桥,1429,105760093,105760093,德恒物业城,1196,105727033,105727033,区行政服务中心,1267,105743574,105743574,金竹桥,1338,105790376,105790376,双湖招抚站,1285,105769873,105769873,新民村,1246,105768508,105768508,通桥镇政府,1190,105739961,105739961,水车铺,1431,105781413,105781413,金牛山庄,1441,105761139,105761139,龙水汽车站,1233,105713830,105713830,丁家坡,1406,105791561,105791561,宝顶景区停车场,,,,,,,,37,1210,,1210,105784899,29493206,龙景理想城
50,26,24,29,157,48,223,109,12,80,226,206,线路39,1229,105763588,105763588,中央龙庭,1195,105759022,105759022,龙水大桥,1193,105726873,105726873,南门派出所,1198,105727301,105727301,龙腾御景,1356,105771118,105771118,龙水二小,1226,105769968,105769968,黄桷花园,1429,105760093,105760093,德恒物业城,1295,105766138,105766138,经开区人民医院,1181,105754573,105754573,花市街派出所,1262,105748225,105748225,艾诺斯,1432,105785189,105785189,沙桥一队,1412,105760495,105760495,新城港湾,,,,,,,,38,1213,,1213,105791035,29494199,双桥龙滩子
89,117,62,6,30,19,20,8,134,52,80,184,线路40,1271,105772569,105772569,横店村,1304,105787628,105787628,四片区南站,1241,105740839,105740839,邮亭邮政所,913,105788196,105788196,西湖变电站,1199,105727953,105727953,西南城,1188,105727902,105727902,凤凰城,1189,105728895,105728895,金星村,1177,105763747,105763747,东升苑,1321,105749705,105749705,倒庙村委会,1231,105727776,105727776,城南新村,1262,105748225,105748225,艾诺斯,1387,105727866,105727866,城南加气站,,,,,,,,39,1214,,1214,105717674,29698636,大足客运中心
,,,,,,,,,,,,,,,,,,,,,,,,,,,,,,,,,,,,,,,,,,,,,,,,,,,,,,,,,,,,,,,,,,,,40,1216,,1216,105726612,29703207,大足区妇幼保健院
,,,,,,,,,,,,,,,,,,,,,,,,,,,,,,,,,,,,,,,,,,,,,,,,,,,,,,,,,,,,,,,,,,,,41,1219,,1219,105750964,29581783,朝野集团
,,,,,,,,,,,,,,,,,,,,,,,,,,,,,,,,,,,,,,,,,,,,,,,,,,,,,,,,,,,,,,,,,,,,42,1220,,1220,105762964,29563260,街心花园
,,,,,,,,,,,,,,,,,,,,,,,,,,,,,,,,,,,,,,,,,,,,,,,,,,,,,,,,,,,,,,,,,,,,43,1221,,1221,105750631,29472344,天福村
,,,,,,,,,,,,,,,,,,,,,,,,,,,,,,,,,,,,,,,,,,,,,,,,,,,,,,,,,,,,,,,,,,,,44,1222,,1222,105751947,29452736,红林村
,,,,,,,,,,,,,,,,,,,,,,,,,,,,,,,,,,,,,,,,,,,,,,,,,,,,,,,,,,,,,,,,,,,,45,1223,,1223,105746800,29431981,邮亭汽车站
,,,,,,,,,,,,,,,,,,,,,,,,,,,,,,,,,,,,,,,,,,,,,,,,,,,,,,,,,,,,,,,,,,,,46,1224,,1224,105738198,29429882,邮亭镇政府
,,,,,,,,,,,,,,,,,,,,,,,,,,,,,,,,,,,,,,,,,,,,,,,,,,,,,,,,,,,,,,,,,,,,47,1225,,1225,105748350,29442336,邮亭派出所
,,,,,,,,,,,,,,,,,,,,,,,,,,,,,,,,,,,,,,,,,,,,,,,,,,,,,,,,,,,,,,,,,,,,48,1226,,1226,105769968,29480993,黄桷花园
,,,,,,,,,,,,,,,,,,,,,,,,,,,,,,,,,,,,,,,,,,,,,,,,,,,,,,,,,,,,,,,,,,,,49,1227,,1227,105772003,29493255,车城广场
,,,,,,,,,,,,,,,,,,,,,,,,,,,,,,,,,,,,,,,,,,,,,,,,,,,,,,,,,,,,,,,,,,,,50,1229,,1229,105763588,29564890,中央龙庭
,,,,,,,,,,,,,,,,,,,,,,,,,,,,,,,,,,,,,,,,,,,,,,,,,,,,,,,,,,,,,,,,,,,,51,1230,,1230,105757610,29582408,还房新村
,,,,,,,,,,,,,,,,,,,,,,,,,,,,,,,,,,,,,,,,,,,,,,,,,,,,,,,,,,,,,,,,,,,,52,1231,,1231,105727776,29663828,城南新村
,,,,,,,,,,,,,,,,,,,,,,,,,,,,,,,,,,,,,,,,,,,,,,,,,,,,,,,,,,,,,,,,,,,,53,1232,,1232,105726761,29697603,玛丽公馆
,,,,,,,,,,,,,,,,,,,,,,,,,,,,,,,,,,,,,,,,,,,,,,,,,,,,,,,,,,,,,,,,,,,,54,1233,,1233,105713830,29705979,丁家坡
,,,,,,,,,,,,,,,,,,,,,,,,,,,,,,,,,,,,,,,,,,,,,,,,,,,,,,,,,,,,,,,,,,,,55,1234,,1234,105724441,29698125,翠堤华府
,,,,,,,,,,,,,,,,,,,,,,,,,,,,,,,,,,,,,,,,,,,,,,,,,,,,,,,,,,,,,,,,,,,,56,1235,,1235,105768835,29537525,高坡1队
,,,,,,,,,,,,,,,,,,,,,,,,,,,,,,,,,,,,,,,,,,,,,,,,,,,,,,,,,,,,,,,,,,,,57,1236,,1236,105769659,29528089,茅店2队
,,,,,,,,,,,,,,,,,,,,,,,,,,,,,,,,,,,,,,,,,,,,,,,,,,,,,,,,,,,,,,,,,,,,58,1237,,1237,105763029,29505311,九节河
,,,,,,,,,,,,,,,,,,,,,,,,,,,,,,,,,,,,,,,,,,,,,,,,,,,,,,,,,,,,,,,,,,,,59,1238,,1238,105772425,29490191,车城明珠小区
,,,,,,,,,,,,,,,,,,,,,,,,,,,,,,,,,,,,,,,,,,,,,,,,,,,,,,,,,,,,,,,,,,,,60,1239,,1239,105753923,29475670,天福六队
,,,,,,,,,,,,,,,,,,,,,,,,,,,,,,,,,,,,,,,,,,,,,,,,,,,,,,,,,,,,,,,,,,,,61,1240,,1240,105750299,29447267,巨腾国际
,,,,,,,,,,,,,,,,,,,,,,,,,,,,,,,,,,,,,,,,,,,,,,,,,,,,,,,,,,,,,,,,,,,,62,1241,,1241,105740839,29430545,邮亭邮政所
,,,,,,,,,,,,,,,,,,,,,,,,,,,,,,,,,,,,,,,,,,,,,,,,,,,,,,,,,,,,,,,,,,,,63,1242,,1242,105742533,29431304,邮亭供电所
,,,,,,,,,,,,,,,,,,,,,,,,,,,,,,,,,,,,,,,,,,,,,,,,,,,,,,,,,,,,,,,,,,,,64,1243,,1243,105747383,29439231,足丰水泥厂
,,,,,,,,,,,,,,,,,,,,,,,,,,,,,,,,,,,,,,,,,,,,,,,,,,,,,,,,,,,,,,,,,,,,65,1244,,1244,105765607,29512072,三角钢材市场
,,,,,,,,,,,,,,,,,,,,,,,,,,,,,,,,,,,,,,,,,,,,,,,,,,,,,,,,,,,,,,,,,,,,66,1245,,1245,105787908,29513432,重庆电信职业学院
,,,,,,,,,,,,,,,,,,,,,,,,,,,,,,,,,,,,,,,,,,,,,,,,,,,,,,,,,,,,,,,,,,,,67,1246,,1246,105768508,29521264,通桥镇政府
,,,,,,,,,,,,,,,,,,,,,,,,,,,,,,,,,,,,,,,,,,,,,,,,,,,,,,,,,,,,,,,,,,,,68,1247,,1247,105766139,29546659,高坡2队
,,,,,,,,,,,,,,,,,,,,,,,,,,,,,,,,,,,,,,,,,,,,,,,,,,,,,,,,,,,,,,,,,,,,69,1248,,1248,105773738,29567420,大足一中
,,,,,,,,,,,,,,,,,,,,,,,,,,,,,,,,,,,,,,,,,,,,,,,,,,,,,,,,,,,,,,,,,,,,70,1249,,1249,105734644,29641004,金星村二组
,,,,,,,,,,,,,,,,,,,,,,,,,,,,,,,,,,,,,,,,,,,,,,,,,,,,,,,,,,,,,,,,,,,,71,1250,,1250,105730672,29703552,大足质监局
,,,,,,,,,,,,,,,,,,,,,,,,,,,,,,,,,,,,,,,,,,,,,,,,,,,,,,,,,,,,,,,,,,,,72,1251,,1251,105717779,29701384,大足印象
,,,,,,,,,,,,,,,,,,,,,,,,,,,,,,,,,,,,,,,,,,,,,,,,,,,,,,,,,,,,,,,,,,,,73,1252,,1252,105759603,29749112,荷花山庄
,,,,,,,,,,,,,,,,,,,,,,,,,,,,,,,,,,,,,,,,,,,,,,,,,,,,,,,,,,,,,,,,,,,,74,1253,,1253,105766801,29747048,渡槽
,,,,,,,,,,,,,,,,,,,,,,,,,,,,,,,,,,,,,,,,,,,,,,,,,,,,,,,,,,,,,,,,,,,,75,1255,,1255,105683210,29710047,明星
,,,,,,,,,,,,,,,,,,,,,,,,,,,,,,,,,,,,,,,,,,,,,,,,,,,,,,,,,,,,,,,,,,,,76,1256,,1256,105717835,29704695,大足区交委
,,,,,,,,,,,,,,,,,,,,,,,,,,,,,,,,,,,,,,,,,,,,,,,,,,,,,,,,,,,,,,,,,,,,77,1257,,1257,105727070,29678422,大足职教中心
,,,,,,,,,,,,,,,,,,,,,,,,,,,,,,,,,,,,,,,,,,,,,,,,,,,,,,,,,,,,,,,,,,,,78,1258,,1258,105761151,29559481,福源广场
,,,,,,,,,,,,,,,,,,,,,,,,,,,,,,,,,,,,,,,,,,,,,,,,,,,,,,,,,,,,,,,,,,,,79,1259,,1259,105768851,29493251,西湖丽都
,,,,,,,,,,,,,,,,,,,,,,,,,,,,,,,,,,,,,,,,,,,,,,,,,,,,,,,,,,,,,,,,,,,,80,1262,,1262,105748225,29483790,艾诺斯
,,,,,,,,,,,,,,,,,,,,,,,,,,,,,,,,,,,,,,,,,,,,,,,,,,,,,,,,,,,,,,,,,,,,81,1263,,1263,105767700,29486733,双桥公园
,,,,,,,,,,,,,,,,,,,,,,,,,,,,,,,,,,,,,,,,,,,,,,,,,,,,,,,,,,,,,,,,,,,,82,1264,,1264,105767193,29489844,双桥公园
,,,,,,,,,,,,,,,,,,,,,,,,,,,,,,,,,,,,,,,,,,,,,,,,,,,,,,,,,,,,,,,,,,,,83,1265,,1265,105775825,29503419,山水名都
,,,,,,,,,,,,,,,,,,,,,,,,,,,,,,,,,,,,,,,,,,,,,,,,,,,,,,,,,,,,,,,,,,,,84,1266,,1266,105785021,29503398,双佛寺
,,,,,,,,,,,,,,,,,,,,,,,,,,,,,,,,,,,,,,,,,,,,,,,,,,,,,,,,,,,,,,,,,,,,85,1267,,1267,105743574,29580477,金竹桥
,,,,,,,,,,,,,,,,,,,,,,,,,,,,,,,,,,,,,,,,,,,,,,,,,,,,,,,,,,,,,,,,,,,,86,1268,,1268,105718850,29697054,南山公园
,,,,,,,,,,,,,,,,,,,,,,,,,,,,,,,,,,,,,,,,,,,,,,,,,,,,,,,,,,,,,,,,,,,,87,1269,,1269,105745772,29717606,大晒坝
,,,,,,,,,,,,,,,,,,,,,,,,,,,,,,,,,,,,,,,,,,,,,,,,,,,,,,,,,,,,,,,,,,,,88,1270,,1270,105746980,29579379,龙西中学
,,,,,,,,,,,,,,,,,,,,,,,,,,,,,,,,,,,,,,,,,,,,,,,,,,,,,,,,,,,,,,,,,,,,89,1271,,1271,105772569,29589942,横店村
,,,,,,,,,,,,,,,,,,,,,,,,,,,,,,,,,,,,,,,,,,,,,,,,,,,,,,,,,,,,,,,,,,,,90,1272,,1272,105773872,29568323,高坝桥
,,,,,,,,,,,,,,,,,,,,,,,,,,,,,,,,,,,,,,,,,,,,,,,,,,,,,,,,,,,,,,,,,,,,91,1273,,1273,105768322,29566660,老菜市
,,,,,,,,,,,,,,,,,,,,,,,,,,,,,,,,,,,,,,,,,,,,,,,,,,,,,,,,,,,,,,,,,,,,92,1274,,1274,105765469,29477303,铸造中心
,,,,,,,,,,,,,,,,,,,,,,,,,,,,,,,,,,,,,,,,,,,,,,,,,,,,,,,,,,,,,,,,,,,,93,1275,,1275,105767388,29489855,公园路
,,,,,,,,,,,,,,,,,,,,,,,,,,,,,,,,,,,,,,,,,,,,,,,,,,,,,,,,,,,,,,,,,,,,94,1276,,1276,105777781,29489277,双桥中学
,,,,,,,,,,,,,,,,,,,,,,,,,,,,,,,,,,,,,,,,,,,,,,,,,,,,,,,,,,,,,,,,,,,,95,1277,,1277,105780285,29493237,千叶广场
,,,,,,,,,,,,,,,,,,,,,,,,,,,,,,,,,,,,,,,,,,,,,,,,,,,,,,,,,,,,,,,,,,,,96,1278,,1278,105793833,29500468,二片区
,,,,,,,,,,,,,,,,,,,,,,,,,,,,,,,,,,,,,,,,,,,,,,,,,,,,,,,,,,,,,,,,,,,,97,1279,,1279,105742101,29714124,双湖招抚站
,,,,,,,,,,,,,,,,,,,,,,,,,,,,,,,,,,,,,,,,,,,,,,,,,,,,,,,,,,,,,,,,,,,,98,1280,,1280,105767083,29477660,鲜花港
,,,,,,,,,,,,,,,,,,,,,,,,,,,,,,,,,,,,,,,,,,,,,,,,,,,,,,,,,,,,,,,,,,,,99,1281,,1281,105769453,29489973,兴业广场
,,,,,,,,,,,,,,,,,,,,,,,,,,,,,,,,,,,,,,,,,,,,,,,,,,,,,,,,,,,,,,,,,,,,100,1282,,1282,105774127,29492288,车城印象
,,,,,,,,,,,,,,,,,,,,,,,,,,,,,,,,,,,,,,,,,,,,,,,,,,,,,,,,,,,,,,,,,,,,101,1283,,1283,105784838,29490543,红岩宾馆
,,,,,,,,,,,,,,,,,,,,,,,,,,,,,,,,,,,,,,,,,,,,,,,,,,,,,,,,,,,,,,,,,,,,102,1284,,1284,105793019,29503307,天星大桥
,,,,,,,,,,,,,,,,,,,,,,,,,,,,,,,,,,,,,,,,,,,,,,,,,,,,,,,,,,,,,,,,,,,,103,1285,,1285,105769873,29517456,新民村
,,,,,,,,,,,,,,,,,,,,,,,,,,,,,,,,,,,,,,,,,,,,,,,,,,,,,,,,,,,,,,,,,,,,104,1287,,1287,105799732,29516206,白鹤村
,,,,,,,,,,,,,,,,,,,,,,,,,,,,,,,,,,,,,,,,,,,,,,,,,,,,,,,,,,,,,,,,,,,,105,1288,,1288,105737407,29708480,双塔中学
,,,,,,,,,,,,,,,,,,,,,,,,,,,,,,,,,,,,,,,,,,,,,,,,,,,,,,,,,,,,,,,,,,,,106,1289,,1289,105764060,29583036,龙东新村
,,,,,,,,,,,,,,,,,,,,,,,,,,,,,,,,,,,,,,,,,,,,,,,,,,,,,,,,,,,,,,,,,,,,107,1291,,1291,105752751,29489771,洛矶山
,,,,,,,,,,,,,,,,,,,,,,,,,,,,,,,,,,,,,,,,,,,,,,,,,,,,,,,,,,,,,,,,,,,,108,1294,,1294,105760880,29485032,城市枫景
,,,,,,,,,,,,,,,,,,,,,,,,,,,,,,,,,,,,,,,,,,,,,,,,,,,,,,,,,,,,,,,,,,,,109,1295,,1295,105766138,29493224,经开区人民医院
,,,,,,,,,,,,,,,,,,,,,,,,,,,,,,,,,,,,,,,,,,,,,,,,,,,,,,,,,,,,,,,,,,,,110,1296,,1296,105770397,29496591,鞍钢贝卡尔特
,,,,,,,,,,,,,,,,,,,,,,,,,,,,,,,,,,,,,,,,,,,,,,,,,,,,,,,,,,,,,,,,,,,,111,1297,,1297,105790487,29493050,实验小学
,,,,,,,,,,,,,,,,,,,,,,,,,,,,,,,,,,,,,,,,,,,,,,,,,,,,,,,,,,,,,,,,,,,,112,1298,,1298,105791176,29492364,重汽转盘
,,,,,,,,,,,,,,,,,,,,,,,,,,,,,,,,,,,,,,,,,,,,,,,,,,,,,,,,,,,,,,,,,,,,113,1299,,1299,105754931,29741844,慈航六队
,,,,,,,,,,,,,,,,,,,,,,,,,,,,,,,,,,,,,,,,,,,,,,,,,,,,,,,,,,,,,,,,,,,,114,1300,,1300,105766463,29486236,时代广场南
,,,,,,,,,,,,,,,,,,,,,,,,,,,,,,,,,,,,,,,,,,,,,,,,,,,,,,,,,,,,,,,,,,,,115,1302,,1302,105774331,29488909,晓城春天
,,,,,,,,,,,,,,,,,,,,,,,,,,,,,,,,,,,,,,,,,,,,,,,,,,,,,,,,,,,,,,,,,,,,116,1303,,1303,105777052,29489089,双桥经开区管委会
,,,,,,,,,,,,,,,,,,,,,,,,,,,,,,,,,,,,,,,,,,,,,,,,,,,,,,,,,,,,,,,,,,,,117,1304,,1304,105787628,29489959,四片区南站
,,,,,,,,,,,,,,,,,,,,,,,,,,,,,,,,,,,,,,,,,,,,,,,,,,,,,,,,,,,,,,,,,,,,118,1305,,1305,105770407,29502744,开山工业园
,,,,,,,,,,,,,,,,,,,,,,,,,,,,,,,,,,,,,,,,,,,,,,,,,,,,,,,,,,,,,,,,,,,,119,1306,,1306,105750625,29569676,红蝶公司
,,,,,,,,,,,,,,,,,,,,,,,,,,,,,,,,,,,,,,,,,,,,,,,,,,,,,,,,,,,,,,,,,,,,120,1307,,1307,105774822,29572908,农场二队
,,,,,,,,,,,,,,,,,,,,,,,,,,,,,,,,,,,,,,,,,,,,,,,,,,,,,,,,,,,,,,,,,,,,121,1308,,1308,105711913,29705142,实验幼儿园
,,,,,,,,,,,,,,,,,,,,,,,,,,,,,,,,,,,,,,,,,,,,,,,,,,,,,,,,,,,,,,,,,,,,122,1309,,1309,105727981,29702674,宏运商业城
,,,,,,,,,,,,,,,,,,,,,,,,,,,,,,,,,,,,,,,,,,,,,,,,,,,,,,,,,,,,,,,,,,,,123,1310,,1310,105753888,29736769,通远桥
,,,,,,,,,,,,,,,,,,,,,,,,,,,,,,,,,,,,,,,,,,,,,,,,,,,,,,,,,,,,,,,,,,,,124,1311,,1311,105754567,29745492,慈航五队
,,,,,,,,,,,,,,,,,,,,,,,,,,,,,,,,,,,,,,,,,,,,,,,,,,,,,,,,,,,,,,,,,,,,125,1312,,1312,105777594,29744614,香山社区六队
,,,,,,,,,,,,,,,,,,,,,,,,,,,,,,,,,,,,,,,,,,,,,,,,,,,,,,,,,,,,,,,,,,,,126,1313,,1313,105715211,29697710,东门派出所
,,,,,,,,,,,,,,,,,,,,,,,,,,,,,,,,,,,,,,,,,,,,,,,,,,,,,,,,,,,,,,,,,,,,127,1314,,1314,105726761,29687845,区体育中心
,,,,,,,,,,,,,,,,,,,,,,,,,,,,,,,,,,,,,,,,,,,,,,,,,,,,,,,,,,,,,,,,,,,,128,1315,,1315,105765991,29562613,龙水实验小学
,,,,,,,,,,,,,,,,,,,,,,,,,,,,,,,,,,,,,,,,,,,,,,,,,,,,,,,,,,,,,,,,,,,,129,1316,,1316,105766667,29489814,双路公园
,,,,,,,,,,,,,,,,,,,,,,,,,,,,,,,,,,,,,,,,,,,,,,,,,,,,,,,,,,,,,,,,,,,,130,1317,,1317,105752724,29480456,双钱轮胎厂
,,,,,,,,,,,,,,,,,,,,,,,,,,,,,,,,,,,,,,,,,,,,,,,,,,,,,,,,,,,,,,,,,,,,131,1318,,1318,105758640,29484158,红岩汽修厂
,,,,,,,,,,,,,,,,,,,,,,,,,,,,,,,,,,,,,,,,,,,,,,,,,,,,,,,,,,,,,,,,,,,,132,1319,,1319,105747733,29721517,倒庙一队
,,,,,,,,,,,,,,,,,,,,,,,,,,,,,,,,,,,,,,,,,,,,,,,,,,,,,,,,,,,,,,,,,,,,133,1320,,1320,105748344,29724965,倒庙三队
,,,,,,,,,,,,,,,,,,,,,,,,,,,,,,,,,,,,,,,,,,,,,,,,,,,,,,,,,,,,,,,,,,,,134,1321,,1321,105749705,29729937,倒庙村委会
,,,,,,,,,,,,,,,,,,,,,,,,,,,,,,,,,,,,,,,,,,,,,,,,,,,,,,,,,,,,,,,,,,,,135,1322,,1322,105752509,29732537,倒庙六队
,,,,,,,,,,,,,,,,,,,,,,,,,,,,,,,,,,,,,,,,,,,,,,,,,,,,,,,,,,,,,,,,,,,,136,1323,,1323,105777587,29579308,雅美佳湿地公园
,,,,,,,,,,,,,,,,,,,,,,,,,,,,,,,,,,,,,,,,,,,,,,,,,,,,,,,,,,,,,,,,,,,,137,1324,,1324,105781089,29587728,复隆交界处
,,,,,,,,,,,,,,,,,,,,,,,,,,,,,,,,,,,,,,,,,,,,,,,,,,,,,,,,,,,,,,,,,,,,138,1325,,1325,105770529,29490046,观岳山小区
,,,,,,,,,,,,,,,,,,,,,,,,,,,,,,,,,,,,,,,,,,,,,,,,,,,,,,,,,,,,,,,,,,,,139,1326,,1326,105794739,29499038,龙滩子社区医院
,,,,,,,,,,,,,,,,,,,,,,,,,,,,,,,,,,,,,,,,,,,,,,,,,,,,,,,,,,,,,,,,,,,,140,1328,,1328,105786809,29506804,重庆正大软件学院
,,,,,,,,,,,,,,,,,,,,,,,,,,,,,,,,,,,,,,,,,,,,,,,,,,,,,,,,,,,,,,,,,,,,141,1329,,1329,105759128,29578491,五金博物馆
,,,,,,,,,,,,,,,,,,,,,,,,,,,,,,,,,,,,,,,,,,,,,,,,,,,,,,,,,,,,,,,,,,,,142,1331,,1331,105765575,29560615,电信大楼
,,,,,,,,,,,,,,,,,,,,,,,,,,,,,,,,,,,,,,,,,,,,,,,,,,,,,,,,,,,,,,,,,,,,143,1332,,1332,105764963,29488103,上官楼
,,,,,,,,,,,,,,,,,,,,,,,,,,,,,,,,,,,,,,,,,,,,,,,,,,,,,,,,,,,,,,,,,,,,144,1333,,1333,105797717,29500726,水塔
,,,,,,,,,,,,,,,,,,,,,,,,,,,,,,,,,,,,,,,,,,,,,,,,,,,,,,,,,,,,,,,,,,,,145,1334,,1334,105797267,29501608,水塔
,,,,,,,,,,,,,,,,,,,,,,,,,,,,,,,,,,,,,,,,,,,,,,,,,,,,,,,,,,,,,,,,,,,,146,1336,,1336,105741442,29712656,长龙农业
,,,,,,,,,,,,,,,,,,,,,,,,,,,,,,,,,,,,,,,,,,,,,,,,,,,,,,,,,,,,,,,,,,,,147,1337,,1337,105791804,29518345,白鹤家园
,,,,,,,,,,,,,,,,,,,,,,,,,,,,,,,,,,,,,,,,,,,,,,,,,,,,,,,,,,,,,,,,,,,,148,1338,,1338,105790376,29521327,双湖招抚站
,,,,,,,,,,,,,,,,,,,,,,,,,,,,,,,,,,,,,,,,,,,,,,,,,,,,,,,,,,,,,,,,,,,,149,1339,,1339,105770825,29576752,黄家坝
,,,,,,,,,,,,,,,,,,,,,,,,,,,,,,,,,,,,,,,,,,,,,,,,,,,,,,,,,,,,,,,,,,,,150,1340,,1340,105794511,29519867,花样龙水湖景区
,,,,,,,,,,,,,,,,,,,,,,,,,,,,,,,,,,,,,,,,,,,,,,,,,,,,,,,,,,,,,,,,,,,,151,1345,,1345,105709983,29704455,区中医院
,,,,,,,,,,,,,,,,,,,,,,,,,,,,,,,,,,,,,,,,,,,,,,,,,,,,,,,,,,,,,,,,,,,,152,1346,,1346,105696583,29694791,69队修理厂
,,,,,,,,,,,,,,,,,,,,,,,,,,,,,,,,,,,,,,,,,,,,,,,,,,,,,,,,,,,,,,,,,,,,153,1347,,1347,105697855,29702520,西棠锦城
,,,,,,,,,,,,,,,,,,,,,,,,,,,,,,,,,,,,,,,,,,,,,,,,,,,,,,,,,,,,,,,,,,,,154,1348,,1348,105744113,29682921,绿地海棠湾
,,,,,,,,,,,,,,,,,,,,,,,,,,,,,,,,,,,,,,,,,,,,,,,,,,,,,,,,,,,,,,,,,,,,155,1354,,1354,105736964,29424855,烈火四队
,,,,,,,,,,,,,,,,,,,,,,,,,,,,,,,,,,,,,,,,,,,,,,,,,,,,,,,,,,,,,,,,,,,,156,1355,,1355,105740984,29424473,高铁大足南站
,,,,,,,,,,,,,,,,,,,,,,,,,,,,,,,,,,,,,,,,,,,,,,,,,,,,,,,,,,,,,,,,,,,,157,1356,,1356,105771118,29556423,龙水二小
,,,,,,,,,,,,,,,,,,,,,,,,,,,,,,,,,,,,,,,,,,,,,,,,,,,,,,,,,,,,,,,,,,,,158,1357,,1357,105810485,29545851,大龙湾酒店
,,,,,,,,,,,,,,,,,,,,,,,,,,,,,,,,,,,,,,,,,,,,,,,,,,,,,,,,,,,,,,,,,,,,159,1358,,1358,105815421,29544990,玉龙镇政府
,,,,,,,,,,,,,,,,,,,,,,,,,,,,,,,,,,,,,,,,,,,,,,,,,,,,,,,,,,,,,,,,,,,,160,1359,,1359,105762037,29565360,老粮站
,,,,,,,,,,,,,,,,,,,,,,,,,,,,,,,,,,,,,,,,,,,,,,,,,,,,,,,,,,,,,,,,,,,,161,1361,,1361,105793928,29497839,龙滩子办事处
,,,,,,,,,,,,,,,,,,,,,,,,,,,,,,,,,,,,,,,,,,,,,,,,,,,,,,,,,,,,,,,,,,,,162,1362,,1362,105769924,29489714,广满酒店
,,,,,,,,,,,,,,,,,,,,,,,,,,,,,,,,,,,,,,,,,,,,,,,,,,,,,,,,,,,,,,,,,,,,163,1365,,1365,105781966,29473325,太平二队
,,,,,,,,,,,,,,,,,,,,,,,,,,,,,,,,,,,,,,,,,,,,,,,,,,,,,,,,,,,,,,,,,,,,164,1366,,1366,105786861,29466760,长河五队
,,,,,,,,,,,,,,,,,,,,,,,,,,,,,,,,,,,,,,,,,,,,,,,,,,,,,,,,,,,,,,,,,,,,165,1368,,1368,105786490,29465164,长河煤矿
,,,,,,,,,,,,,,,,,,,,,,,,,,,,,,,,,,,,,,,,,,,,,,,,,,,,,,,,,,,,,,,,,,,,166,1369,,1369,105787644,29469754,长河六队
,,,,,,,,,,,,,,,,,,,,,,,,,,,,,,,,,,,,,,,,,,,,,,,,,,,,,,,,,,,,,,,,,,,,167,1370,,1370,105786964,29473072,太平三队
,,,,,,,,,,,,,,,,,,,,,,,,,,,,,,,,,,,,,,,,,,,,,,,,,,,,,,,,,,,,,,,,,,,,168,1371,,1371,105777758,29475579,火炬十队
,,,,,,,,,,,,,,,,,,,,,,,,,,,,,,,,,,,,,,,,,,,,,,,,,,,,,,,,,,,,,,,,,,,,169,1372,,1372,105773716,29477010,火炬十一队
,,,,,,,,,,,,,,,,,,,,,,,,,,,,,,,,,,,,,,,,,,,,,,,,,,,,,,,,,,,,,,,,,,,,170,1373,,1373,105774711,29515308,重庆工程学院
,,,,,,,,,,,,,,,,,,,,,,,,,,,,,,,,,,,,,,,,,,,,,,,,,,,,,,,,,,,,,,,,,,,,171,1374,,1374,105709512,29701215,大足中学
,,,,,,,,,,,,,,,,,,,,,,,,,,,,,,,,,,,,,,,,,,,,,,,,,,,,,,,,,,,,,,,,,,,,172,1375,,1375,105732371,29700970,香山美地
,,,,,,,,,,,,,,,,,,,,,,,,,,,,,,,,,,,,,,,,,,,,,,,,,,,,,,,,,,,,,,,,,,,,173,1376,,1376,105736551,29699904,清明桥
,,,,,,,,,,,,,,,,,,,,,,,,,,,,,,,,,,,,,,,,,,,,,,,,,,,,,,,,,,,,,,,,,,,,174,1377,,1377,105739334,29694641,昌州古城
,,,,,,,,,,,,,,,,,,,,,,,,,,,,,,,,,,,,,,,,,,,,,,,,,,,,,,,,,,,,,,,,,,,,175,1378,,1378,105736987,29685583,区人民医院
,,,,,,,,,,,,,,,,,,,,,,,,,,,,,,,,,,,,,,,,,,,,,,,,,,,,,,,,,,,,,,,,,,,,176,1379,,1379,105738486,29690589,区人民医院后门
,,,,,,,,,,,,,,,,,,,,,,,,,,,,,,,,,,,,,,,,,,,,,,,,,,,,,,,,,,,,,,,,,,,,177,1380,,1380,105722908,29704441,青少年宫
,,,,,,,,,,,,,,,,,,,,,,,,,,,,,,,,,,,,,,,,,,,,,,,,,,,,,,,,,,,,,,,,,,,,178,1381,,1381,105701766,29698988,西门桥食品公司
,,,,,,,,,,,,,,,,,,,,,,,,,,,,,,,,,,,,,,,,,,,,,,,,,,,,,,,,,,,,,,,,,,,,179,1382,,1382,105698914,29696741,西门桥食品公司
,,,,,,,,,,,,,,,,,,,,,,,,,,,,,,,,,,,,,,,,,,,,,,,,,,,,,,,,,,,,,,,,,,,,180,1383,,1383,105701580,29702988,区交巡警支队
,,,,,,,,,,,,,,,,,,,,,,,,,,,,,,,,,,,,,,,,,,,,,,,,,,,,,,,,,,,,,,,,,,,,181,1384,,1384,105704898,29704157,书香世家
,,,,,,,,,,,,,,,,,,,,,,,,,,,,,,,,,,,,,,,,,,,,,,,,,,,,,,,,,,,,,,,,,,,,182,1385,,1385,105707900,29704143,北禅小区
,,,,,,,,,,,,,,,,,,,,,,,,,,,,,,,,,,,,,,,,,,,,,,,,,,,,,,,,,,,,,,,,,,,,183,1386,,1386,105729978,29700963,城南创新小学
,,,,,,,,,,,,,,,,,,,,,,,,,,,,,,,,,,,,,,,,,,,,,,,,,,,,,,,,,,,,,,,,,,,,184,1387,,1387,105727866,29665777,城南加气站
,,,,,,,,,,,,,,,,,,,,,,,,,,,,,,,,,,,,,,,,,,,,,,,,,,,,,,,,,,,,,,,,,,,,185,1388,,1388,105708911,29697592,大足汽车站
,,,,,,,,,,,,,,,,,,,,,,,,,,,,,,,,,,,,,,,,,,,,,,,,,,,,,,,,,,,,,,,,,,,,186,1390,,1390,105701412,29702477,区交巡警支队
,,,,,,,,,,,,,,,,,,,,,,,,,,,,,,,,,,,,,,,,,,,,,,,,,,,,,,,,,,,,,,,,,,,,187,1391,,1391,105703372,29700103,西门桥
,,,,,,,,,,,,,,,,,,,,,,,,,,,,,,,,,,,,,,,,,,,,,,,,,,,,,,,,,,,,,,,,,,,,188,1392,,1392,105705473,29699891,区老人民医院
,,,,,,,,,,,,,,,,,,,,,,,,,,,,,,,,,,,,,,,,,,,,,,,,,,,,,,,,,,,,,,,,,,,,189,1393,,1393,105708243,29700179,十字口
,,,,,,,,,,,,,,,,,,,,,,,,,,,,,,,,,,,,,,,,,,,,,,,,,,,,,,,,,,,,,,,,,,,,190,1394,,1394,105720436,29701457,较场口
,,,,,,,,,,,,,,,,,,,,,,,,,,,,,,,,,,,,,,,,,,,,,,,,,,,,,,,,,,,,,,,,,,,,191,1395,,1395,105723912,29701389,龙岗卫生院
,,,,,,,,,,,,,,,,,,,,,,,,,,,,,,,,,,,,,,,,,,,,,,,,,,,,,,,,,,,,,,,,,,,,192,1396,,1396,105726580,29698528,火烧坝
,,,,,,,,,,,,,,,,,,,,,,,,,,,,,,,,,,,,,,,,,,,,,,,,,,,,,,,,,,,,,,,,,,,,193,1397,,1397,105728513,29695490,玫瑰苑
,,,,,,,,,,,,,,,,,,,,,,,,,,,,,,,,,,,,,,,,,,,,,,,,,,,,,,,,,,,,,,,,,,,,194,1398,,1398,105733253,29686617,蓝湖星宇
,,,,,,,,,,,,,,,,,,,,,,,,,,,,,,,,,,,,,,,,,,,,,,,,,,,,,,,,,,,,,,,,,,,,195,1399,,1399,105741944,29684881,蓝桥圣菲
,,,,,,,,,,,,,,,,,,,,,,,,,,,,,,,,,,,,,,,,,,,,,,,,,,,,,,,,,,,,,,,,,,,,196,1400,,1400,105710738,29696078,大足汽车站
,,,,,,,,,,,,,,,,,,,,,,,,,,,,,,,,,,,,,,,,,,,,,,,,,,,,,,,,,,,,,,,,,,,,197,1401,,1401,105741699,29611468,转洞桥
,,,,,,,,,,,,,,,,,,,,,,,,,,,,,,,,,,,,,,,,,,,,,,,,,,,,,,,,,,,,,,,,,,,,198,1402,,1402,105760413,29562350,瑞鑫商城
,,,,,,,,,,,,,,,,,,,,,,,,,,,,,,,,,,,,,,,,,,,,,,,,,,,,,,,,,,,,,,,,,,,,199,1403,,1403,105718836,29707473,电信局
,,,,,,,,,,,,,,,,,,,,,,,,,,,,,,,,,,,,,,,,,,,,,,,,,,,,,,,,,,,,,,,,,,,,200,1404,,1404,105735393,29427217,邮亭中学
,,,,,,,,,,,,,,,,,,,,,,,,,,,,,,,,,,,,,,,,,,,,,,,,,,,,,,,,,,,,,,,,,,,,201,1405,,1405,105793550,29751445,宝顶山博物馆
,,,,,,,,,,,,,,,,,,,,,,,,,,,,,,,,,,,,,,,,,,,,,,,,,,,,,,,,,,,,,,,,,,,,202,1406,,1406,105791561,29748893,宝顶景区停车场
,,,,,,,,,,,,,,,,,,,,,,,,,,,,,,,,,,,,,,,,,,,,,,,,,,,,,,,,,,,,,,,,,,,,203,1407,,1407,105780035,29585939,横店村
,,,,,,,,,,,,,,,,,,,,,,,,,,,,,,,,,,,,,,,,,,,,,,,,,,,,,,,,,,,,,,,,,,,,204,1408,,1408,105762821,29563392,街心花园
,,,,,,,,,,,,,,,,,,,,,,,,,,,,,,,,,,,,,,,,,,,,,,,,,,,,,,,,,,,,,,,,,,,,205,1411,,1411,105797394,29499989,二片区
,,,,,,,,,,,,,,,,,,,,,,,,,,,,,,,,,,,,,,,,,,,,,,,,,,,,,,,,,,,,,,,,,,,,206,1412,,1412,105760495,29489725,新城港湾
,,,,,,,,,,,,,,,,,,,,,,,,,,,,,,,,,,,,,,,,,,,,,,,,,,,,,,,,,,,,,,,,,,,,207,1413,,1413,105761265,29493048,双桥客运站
,,,,,,,,,,,,,,,,,,,,,,,,,,,,,,,,,,,,,,,,,,,,,,,,,,,,,,,,,,,,,,,,,,,,208,1414,,1414,105770129,29491634,车城明珠小区
,,,,,,,,,,,,,,,,,,,,,,,,,,,,,,,,,,,,,,,,,,,,,,,,,,,,,,,,,,,,,,,,,,,,209,1415,,1415,105765476,29485008,时代广场南
,,,,,,,,,,,,,,,,,,,,,,,,,,,,,,,,,,,,,,,,,,,,,,,,,,,,,,,,,,,,,,,,,,,,210,1416,,1416,105760761,29492672,双桥客运站
,,,,,,,,,,,,,,,,,,,,,,,,,,,,,,,,,,,,,,,,,,,,,,,,,,,,,,,,,,,,,,,,,,,,211,1417,,1417,105764588,29487251,上官楼
,,,,,,,,,,,,,,,,,,,,,,,,,,,,,,,,,,,,,,,,,,,,,,,,,,,,,,,,,,,,,,,,,,,,212,1418,,1418,105769448,29482693,双路中学
,,,,,,,,,,,,,,,,,,,,,,,,,,,,,,,,,,,,,,,,,,,,,,,,,,,,,,,,,,,,,,,,,,,,213,1419,,1419,105761806,29484307,城市枫景
,,,,,,,,,,,,,,,,,,,,,,,,,,,,,,,,,,,,,,,,,,,,,,,,,,,,,,,,,,,,,,,,,,,,214,1420,,1420,105758465,29480532,红岩汽修厂
,,,,,,,,,,,,,,,,,,,,,,,,,,,,,,,,,,,,,,,,,,,,,,,,,,,,,,,,,,,,,,,,,,,,215,1421,,1421,105756340,29478300,嘉丰机械厂
,,,,,,,,,,,,,,,,,,,,,,,,,,,,,,,,,,,,,,,,,,,,,,,,,,,,,,,,,,,,,,,,,,,,216,1422,,1422,105767501,29564820,老菜市
,,,,,,,,,,,,,,,,,,,,,,,,,,,,,,,,,,,,,,,,,,,,,,,,,,,,,,,,,,,,,,,,,,,,217,1423,,1423,105764627,29558739,龙水西湖岔路口
,,,,,,,,,,,,,,,,,,,,,,,,,,,,,,,,,,,,,,,,,,,,,,,,,,,,,,,,,,,,,,,,,,,,218,1424,,1424,105788027,29551874,左家坡
,,,,,,,,,,,,,,,,,,,,,,,,,,,,,,,,,,,,,,,,,,,,,,,,,,,,,,,,,,,,,,,,,,,,219,1425,,1425,105807809,29546814,龙水温泉中心
,,,,,,,,,,,,,,,,,,,,,,,,,,,,,,,,,,,,,,,,,,,,,,,,,,,,,,,,,,,,,,,,,,,,220,1426,,1426,105769109,29583523,黄家坝
,,,,,,,,,,,,,,,,,,,,,,,,,,,,,,,,,,,,,,,,,,,,,,,,,,,,,,,,,,,,,,,,,,,,221,1427,,1427,105763573,29581330,德恒物业城东口
,,,,,,,,,,,,,,,,,,,,,,,,,,,,,,,,,,,,,,,,,,,,,,,,,,,,,,,,,,,,,,,,,,,,222,1428,,1428,105755008,29579159,还房新村路口
,,,,,,,,,,,,,,,,,,,,,,,,,,,,,,,,,,,,,,,,,,,,,,,,,,,,,,,,,,,,,,,,,,,,223,1429,,1429,105760093,29579556,德恒物业城
,,,,,,,,,,,,,,,,,,,,,,,,,,,,,,,,,,,,,,,,,,,,,,,,,,,,,,,,,,,,,,,,,,,,224,1430,,1430,105796527,29547098,沙桥二队
,,,,,,,,,,,,,,,,,,,,,,,,,,,,,,,,,,,,,,,,,,,,,,,,,,,,,,,,,,,,,,,,,,,,225,1431,,1431,105781413,29556426,金牛山庄
,,,,,,,,,,,,,,,,,,,,,,,,,,,,,,,,,,,,,,,,,,,,,,,,,,,,,,,,,,,,,,,,,,,,226,1432,,1432,105785189,29555012,沙桥一队
,,,,,,,,,,,,,,,,,,,,,,,,,,,,,,,,,,,,,,,,,,,,,,,,,,,,,,,,,,,,,,,,,,,,227,1434,,1434,105793872,29520267,花样湖龙水景区
,,,,,,,,,,,,,,,,,,,,,,,,,,,,,,,,,,,,,,,,,,,,,,,,,,,,,,,,,,,,,,,,,,,,228,1435,,1435,105786116,29502915,天星大桥
,,,,,,,,,,,,,,,,,,,,,,,,,,,,,,,,,,,,,,,,,,,,,,,,,,,,,,,,,,,,,,,,,,,,229,1436,,1436,105785644,29497228,龙滩子办事处
,,,,,,,,,,,,,,,,,,,,,,,,,,,,,,,,,,,,,,,,,,,,,,,,,,,,,,,,,,,,,,,,,,,,230,1437,,1437,105768398,29509780,山水名都小区西
,,,,,,,,,,,,,,,,,,,,,,,,,,,,,,,,,,,,,,,,,,,,,,,,,,,,,,,,,,,,,,,,,,,,231,1438,,1438,105771349,29505939,山水名都小区南
,,,,,,,,,,,,,,,,,,,,,,,,,,,,,,,,,,,,,,,,,,,,,,,,,,,,,,,,,,,,,,,,,,,,232,1439,,1439,105780016,29514272,重庆工程学院
,,,,,,,,,,,,,,,,,,,,,,,,,,,,,,,,,,,,,,,,,,,,,,,,,,,,,,,,,,,,,,,,,,,,233,1440,,1440,105762701,29558332,龙水汽车站
,,,,,,,,,,,,,,,,,,,,,,,,,,,,,,,,,,,,,,,,,,,,,,,,,,,,,,,,,,,,,,,,,,,,234,1441,,1441,105761139,29557066,龙水汽车站
,,,,,,,,,,,,,,,,,,,,,,,,,,,,,,,,,,,,,,,,,,,,,,,,,,,,,,,,,,,,,,,,,,,,235,1442,,1442,105769542,29487399,双桥中学
